RSID,LOC_NUM,CHR_BP,NEAR_GENE,GWAS,EFFECT_ALLELE,OTHER_ALLELE,EFFECT_FREQ_NALLS,BETA_NALLS,SE_NALLS,OR_NALLS,P_NALLS,EFFECT_FREQ_FOO,BETA_FOO,SE_FOO,OR_FOO,P_FOO,EFFECT_FREQ_IWAKI,BETA_IWAKI,SE_IWAKI,P_IWAKI,OR_IWAKI,AF_nfe,AF_eas,AF_afr,P_GWAS,GWAS_ref
rs114138760,1,1:154898185,PMVK,META5,C,G,0.0112,0.2812,0.0478,1.324718521,4.19E-09,,,,,,,,,,,0.0093,0.0006,0.0015,4.19E-09,Nalls et al. 2019
rs35749011,1,1:155135036,KRTCAP2,META5,A,G,0.0169,0.6068,0.0342,1.834551431,1.72E-70,,,,,,,,,,,0.0139,0,0.0026,1.72E-70,Nalls et al. 2019
rs11578699,3,1:171719769,VAMP4,META5,T,C,0.1949,-0.0704,0.012,0.932020937,4.47E-09,,0.0103,0.030706764,1.010353228,0.7373,,,,,,0.1869,0.1712,0.1779,4.47E-09,Nalls et al. 2019
rs11557080,4,1:205737739,RAB29,META5,A,G,0.1389,0.1315,0.0135,1.140537908,2.50E-22,,0.2126,0.023053,1.236889796,2.91E-20,,,,,,0.1319,0.5418,0.0288,2.50E-22,Nalls et al. 2019
rs10797576,6,1:232664611,SIPA1L2,META5,T,C,0.1403,0.1114,0.0133,1.117841954,6.84E-17,,0.031,0.031929265,1.031485504,0.3316,,,,,,0.1266,0.1435,0.0729,6.84E-17,Nalls et al. 2019
rs11683001,9,2:102396963,MAP4K4,META5,A,T,0.337,0.0705,0.0098,1.073044569,8.04E-13,,0.033,0.022879123,1.033550539,0.1492,,,,,,0.308,0.4929,0.1406,8.04E-13,Nalls et al. 2019
rs1474055,11,2:169110394,STK39,META5,T,C,0.1312,0.1796,0.0137,1.196738572,2.54E-39,,,,,,,,,,,0.1198,0.3213,0.1672,2.54E-39,Nalls et al. 2019
rs55961674,15,3:122196892,KPNA1,META5,T,C,0.1722,0.0861,0.0126,1.089915314,9.98E-12,,,,,,,,,,,0.1525,0.1248,0.1041,9.98E-12,Nalls et al. 2019
rs11707416,16,3:151108965,MED12L,META5,A,T,0.3672,-0.0627,0.0097,0.939225199,1.13E-10,,-0.0645,0.032610346,0.937536114,0.04794,,,,,,0.3809,0.136,0.0809,1.13E-10,Nalls et al. 2019
rs873786,19,4:925376,GAK,META5,T,C,0.0988,-0.1731,0.0182,0.841053505,1.79E-21,,,,,,,,,,,0.0962,0.0006,0.0191,1.79E-21,Nalls et al. 2019
rs34025766,21,4:17968811,LCORL,META5,A,T,0.1589,-0.0839,0.0133,0.919523204,2.87E-10,,-0.0854,0.032602665,0.918144953,0.008808,,,,,,0.15,0.1375,0.4524,2.87E-10,Nalls et al. 2019
rs6854006,22,4:77198054,FAM47E-STBD1,META5,T,C,0.3632,-0.0912,0.0097,0.912835126,5.82E-21,,0.056,0.040963199,1.057597684,0.1716,,,,,,0.3611,0.0804,0.4491,5.82E-21,Nalls et al. 2019
rs13117519,24,4:114369065,CAMK2D,META5,T,C,0.1744,0.0875,0.0123,1.091442264,9.82E-13,,0.0595,0.0413836,1.061305761,0.1505,,,,,,0.1681,0.0913,0.0513,9.82E-13,Nalls et al. 2019
rs62333164,25,4:170583157,CLCN3,META5,A,G,0.3264,-0.0638,0.01,0.938192619,2.00E-10,,-0.1028,0.047382823,0.902307417,0.03004,,,,,,0.3309,0.07,0.1654,2.00E-10,Nalls et al. 2019
rs11950533,28,5:134199105,C5orf24,META5,A,C,0.102,-0.0916,0.0158,0.912470065,7.16E-09,,-0.0557,0.026565535,0.94582284,0.03602,,,,,,0.1101,0.2622,0.039,7.16E-09,Nalls et al. 2019
rs4140646,29,6:27738801,LOC100131289,META5,A,G,0.2081,0.0833,0.0121,1.08686782,5.62E-12,,0.0875,0.027431688,1.091442264,0.001424,,,,,,0.2137,0.2087,0.2497,5.62E-12,Nalls et al. 2019
rs9261484,30,6:30108683,TRIM40,META5,T,C,0.2451,-0.0635,0.0112,0.938474119,1.62E-08,,,,,,,,,,,0.2763,0.2985,0.1466,1.62E-08,Nalls et al. 2019
rs112485576,31,6:32578772,HLA-DRB5,META5,A,C,0.163,-0.1676,0.0153,0.845692044,6.96E-28,,-0.1605,0.044364856,0.851717824,0.0002972,,,,,,0.1537,0.0799,0.0861,6.96E-28,Nalls et al. 2019
rs12528068,32,6:72487762,RIMS1,META5,T,C,0.2844,0.0657,0.0103,1.067906297,1.63E-10,,0.1299,0.042412615,1.138714506,0.002193,,,,,,0.2764,0.0726,0.4043,1.63E-10,Nalls et al. 2019
rs76949143,36,7:66009851,GS1-124K5.11,META5,A,T,0.0507,-0.1432,0.0253,0.866580735,1.43E-08,,-0.082,0.032049001,0.921271959,0.01051,,,,,,0.0555,0.1525,0.0722,1.43E-08,Nalls et al. 2019
rs620513,38,8:16697593,FGF20,META5,T,G,0.2682,-0.0856,0.0108,0.917961342,2.72E-15,,-0.0911,0.023294921,0.912926414,9.20E-05,,,,,,0.2899,0.4313,0.2909,2.72E-15,Nalls et al. 2019
rs72840788,45,10:121415685,BAG3,META5,A,G,0.2155,0.0763,0.0113,1.079286311,1.57E-11,,,,,,,,,,,0.2061,0.0032,0.0365,1.57E-11,Nalls et al. 2019
rs117896735,45,10:121536327,INPP5F,META5,A,G,0.0166,0.4354,0.0394,1.545581168,2.36E-28,,,,,,,,,,,0.014,0,0.0031,2.36E-28,Nalls et al. 2019
rs12283611,47,11:83487277,DLG2,META5,A,C,0.4148,-0.0645,0.0102,0.937536114,2.61E-10,,-0.1187,0.026185711,0.888074183,5.82E-06,,,,,,0.4257,0.2336,0.5054,2.61E-10,Nalls et al. 2019
rs3802920,48,11:133787001,IGSF9B,META5,T,G,0.2054,0.1073,0.0117,1.113268185,6.26E-20,,0.0503,0.032185851,1.051586525,0.1181,,,,,,0.1656,0.1624,0.053,6.26E-20,Nalls et al. 2019
rs76904798,49,12:40614434,LRRK2,META5,T,C,0.1444,0.1439,0.013,1.154768626,1.52E-28,,-0.02,0.053207308,0.980198673,0.707,,,,,,0.1279,0.0437,0.0966,1.52E-28,Nalls et al. 2019
rs34637584,49,12:40734202,LRRK2,META5,A,G,0.0015,2.4289,0.0937,11.34639418,3.61E-148,,,,,,,,,,,0.0003,0,0.0001,3.61E-148,Nalls et al. 2019
rs7134559,50,12:46419086,SCAF11,META5,T,C,0.404,-0.0539,0.0098,0.947526854,3.96E-08,,-0.0678,0.023155377,0.934447344,0.003411,,,,,,0.3794,0.5906,0.1137,3.96E-08,Nalls et al. 2019
rs10847864,51,12:123326598,HIP1R,META5,T,G,0.364,0.1478,0.0115,1.159281017,1.47E-37,,0.0765,0.023977023,1.07950219,0.00142,,,,,,0.3301,0.5135,0.0908,1.47E-37,Nalls et al. 2019
rs11610045,52,12:133063768,FBRSL1,META5,A,G,0.4896,0.0601,0.0094,1.061942736,1.77E-10,,0.0991,0.033708433,1.104176712,0.003283,,,,,,0.5044,0.1345,0.2754,1.77E-10,Nalls et al. 2019
rs11158026,56,14:55348869,GCH1,META5,T,C,0.3245,-0.0842,0.0102,0.919247388,1.66E-16,,-0.0386,0.022752639,0.962135486,0.08979,,,,,,0.3347,0.5672,0.6718,1.66E-16,Nalls et al. 2019
rs979812,58,14:88464264,GALC,META5,T,G,0.4421,0.061,0.0093,1.062898914,6.19E-11,,0.0064,0.023799906,1.006420524,0.788,,,,,,0.4224,0.675,0.3198,6.19E-11,Nalls et al. 2019
rs3104783,64,16:52636242,CASC16,META5,A,C,0.4343,0.0668,0.0094,1.06908164,1.29E-12,,0.0881,0.027755867,1.092097326,0.001503,,,,,,0.4208,0.7796,0.5351,1.29E-12,Nalls et al. 2019
rs10221156,65,16:52969426,CHD9,META5,A,G,0.0932,-0.1156,0.0179,0.890831485,1.08E-10,,-0.0212,0.060104704,0.97902314,0.7243,,,,,,0.0961,0.0385,0.0148,1.08E-10,Nalls et al. 2019
rs62053943,69,17:43744203,CRHR1,META5,T,C,0.1552,-0.27,0.0155,0.763379494,3.58E-68,,,,,,,,,,,0.1422,0.0013,0.0284,3.58E-68,Nalls et al. 2019
rs117615688,69,17:43798308,CRHR1,META5,A,G,0.067,-0.2324,0.0288,0.792629008,6.71E-16,,,,,,,,,,,0.0535,0,0.0093,6.71E-16,Nalls et al. 2019
rs61169879,71,17:59917366,BRIP1,META5,T,C,0.1641,0.082,0.0134,1.08545581,9.28E-10,,-0.0023,0.023611294,0.997702643,0.9224,,,,,,0.1679,0.5548,0.0745,9.28E-10,Nalls et al. 2019
rs1941685,73,18:31304318,ASXL3,META5,T,G,0.4983,0.0531,0.0094,1.054535093,1.69E-08,,0.1539,0.0383147,1.166374244,5.90E-05,,,,,,0.5013,0.8887,0.7341,1.69E-08,Nalls et al. 2019
rs77351827,77,20:6006041,CRLS1,META5,T,C,0.1275,0.0802,0.0139,1.083503747,8.87E-09,,,,,,,,,,,0.1127,0,0.0195,8.87E-09,Nalls et al. 2019
rs2248244,78,21:38852361,DYRK1A,META5,A,G,0.2828,0.0714,0.0107,1.074010744,2.74E-11,,0.0383,0.023517286,1.039042899,0.1034,,,,,,0.2991,0.3454,0.2715,2.74E-11,Nalls et al. 2019
rs382940,2,9:108058562,SLC44A1,Progression,A,T,0.074,0.0037,0.0203,1.003706853,0.8553,,0.0515,0.036863519,1.052849186,0.1624,0.0864,0.711,0.1289,3.46E-08,2.036026267,0.0834,0.1123,0.3498,3.46E-08,Iwaki et al. 2019
rs61863020,1,10:112956055,ADRA2A,Progression,A,G,0.3286,-0.0151,0.0104,0.985013433,0.1435,,0.0424,0.02288161,1.04331172,0.06388,0.3228,-0.4547,0.0833,4.74E-08,0.634638331,0.3387,0.5543,0.5682,4.74E-08,Iwaki et al. 2019
rs246814,1,5:75599208,SV2C,Asian,T,C,0.0823,0.0697,0.0169,1.072186477,3.62E-05,,0.2167,0.039288232,1.241971455,3.48E-08,,,,,,0.0789,0.086,0.1151,3.48E-08,Foo et al. 2020
rs9638616,2,7:70750493,WBSCR17,Asian,T,G,0.3244,-0.0035,0.0111,0.996506118,0.7559,,0.128,0.02297476,1.136553003,2.53E-08,,,,,,0.3473,0.4736,0.4735,2.53E-08,Foo et al. 2020
rs76763715,1,1:155205634,GBAP1,META5,C,T,0.0047,0.7467,0.0765,2.110025431,1.59E-22,,,,,,,,,,,0.0018,0,0.0001,1.59E-22,Nalls et al. 2019
rs4653767,5,1:226916078,ITPKB,META5,C,T,0.2804,-0.0833,0.0104,0.920075083,1.38E-15,,-0.1305,0.025525011,0.877656493,3.18E-07,,,,,,0.27,0.289,0.2413,1.38E-15,Nalls et al. 2019
rs76116224,7,2:18147848,KCNS3,META5,T,A,0.0958,-0.1104,0.0194,0.895475873,1.27E-08,,,,,,,,,,,0.0981,0.0013,0.018,1.27E-08,Nalls et al. 2019
rs57891859,10,2:135464616,TMEM163,META5,G,A,0.2815,-0.0807,0.0107,0.922470391,4.55E-14,,0.0207,0.026602681,1.020915731,0.4365,,,,,,0.2825,0.7526,0.6222,4.55E-14,Nalls et al. 2019
rs73038319,12,3:18361759,SATB1,META5,C,A,0.0408,0.1693,0.0235,1.184475428,5.94E-13,,,,,,,,,,,0.0421,0,0.0066,5.94E-13,Nalls et al. 2019
rs1450522,17,3:161077630,SPTSSB,META5,G,A,0.3258,0.0616,0.0099,1.063536845,5.01E-10,,0.0204,0.022884649,1.020609502,0.3727,,,,,,0.3092,0.5413,0.1702,5.01E-10,Nalls et al. 2019
rs10513789,18,3:182760073,MCCC1,META5,G,T,0.1888,-0.1485,0.0121,0.862000007,1.22E-34,,-0.1901,0.022924713,0.826876442,1.10E-16,,,,,,0.1925,0.5755,0.1887,1.22E-34,Nalls et al. 2019
rs34311866,19,4:951947,TMEM175,META5,C,T,0.1935,0.2126,0.012,1.236889796,9.97E-70,,0.152,0.033832985,1.164160236,7.03E-06,,,,,,0.1897,0.1292,0.0331,9.97E-70,Nalls et al. 2019
rs6825004,22,4:77110365,SCARB2,META5,G,C,0.3088,-0.0622,0.0102,0.939694929,1.17E-09,,-0.1192,0.023597045,0.887630257,4.38E-07,,,,,,0.3085,0.39,0.21,1.17E-09,Nalls et al. 2019
rs4101061,22,4:77147969,FAM47E,META5,G,A,0.2893,0.0912,0.0102,1.095488081,4.97E-19,,0.0216,0.027292777,1.021834969,0.4287,,,,,,0.3005,0.7766,0.2586,4.97E-19,Nalls et al. 2019
rs1867598,26,5:60137959,ELOVL7,META5,G,A,0.0981,0.1554,0.0156,1.168125118,2.52E-23,,-0.0023,0.051243534,0.997702643,0.9642,,,,,,0.0976,0.0488,0.2249,2.52E-23,Nalls et al. 2019
rs997368,33,6:112243291,FYN,META5,G,A,0.1951,-0.0714,0.0119,0.931089382,1.84E-09,,-0.1087,0.023931929,0.896999477,5.57E-06,,,,,,0.1757,0.3414,0.6996,1.84E-09,Nalls et al. 2019
rs75859381,34,6:133210361,RPS12,META5,C,T,0.0327,0.2207,0.0341,1.24694929,1.04E-10,,0.2195,0.062123154,1.245453848,0.0004104,,,,,,0.031,0.0333,0.0055,1.04E-10,Nalls et al. 2019
rs199351,35,7:23300049,GPNMB,META5,C,A,0.4061,-0.1016,0.0096,0.903390836,5.25E-26,,-0.0708,0.024088491,0.931648203,0.003291,,,,,,0.4134,0.3378,0.8732,5.25E-26,Nalls et al. 2019
rs1293298,37,8:11712443,CTSB,META5,C,A,0.2556,-0.093,0.0114,0.9111935,3.99E-16,,,,,,,,,,,0.2674,0.0013,0.3141,3.99E-16,Nalls et al. 2019
rs2086641,40,8:130901909,FAM49B,META5,C,T,0.2775,0.0605,0.0107,1.062367598,1.81E-08,,0.0139,0.022873896,1.013997054,0.5434,,,,,,0.2582,0.509,0.0753,1.81E-08,Nalls et al. 2019
rs10756907,41,9:17727065,SH3GL2,META5,G,A,0.2334,0.0926,0.011,1.097022838,5.06E-17,,0.0791,0.02354086,1.082312548,0.0007791,,,,,,0.2451,0.3765,0.0423,5.06E-17,Nalls et al. 2019
rs10748818,44,10:104015279,GBF1,META5,G,A,0.1486,0.079,0.013,1.082204322,1.05E-09,,0.0423,0.023456903,1.043207394,0.07134,,,,,,0.1399,0.3325,0.1395,1.05E-09,Nalls et al. 2019
rs7938782,46,11:10558777,RNF141,META5,G,A,0.1224,-0.087,0.0145,0.916677096,2.12E-09,,-0.089,0.032393631,0.914845574,0.006006,,,,,,0.1137,0.1517,0.3321,2.12E-09,Nalls et al. 2019
rs9568188,53,13:49927732,CAB39L,META5,C,T,0.2603,-0.0617,0.0108,0.940164894,1.15E-08,,0.0032,0.023701067,1.003205125,0.8926,,,,,,0.2839,0.629,0.5718,1.15E-08,Nalls et al. 2019
rs3742785,57,14:75373034,RPS6KL1,META5,C,A,0.2134,-0.0707,0.0118,0.931741373,1.92E-09,,-0.0761,0.027777561,0.92672353,0.006151,,,,,,0.2144,0.2179,0.5247,1.92E-09,Nalls et al. 2019
rs6500328,63,16:50736656,NOD2,META5,G,A,0.4015,-0.0586,0.0097,0.943083927,1.82E-09,,-0.0636,0.028484001,0.938380277,0.02556,,,,,,0.4028,0.1825,0.4576,1.82E-09,Nalls et al. 2019
rs12600861,66,17:7355621,CHRNB1,META5,C,A,0.3516,0.0565,0.0099,1.058126615,1.01E-08,,-0.0416,0.027044618,0.959253405,0.124,,,,,,0.3656,0.2085,0.3689,1.01E-08,Nalls et al. 2019
rs12951632,67,17:40741013,RETREG3,META5,C,T,0.2651,-0.0642,0.0106,0.937817417,1.40E-09,,-0.0009,0.022790778,0.999100405,0.9685,,,,,,0.2555,0.4292,0.2058,1.40E-09,Nalls et al. 2019
rs2269906,68,17:42294337,UBTF,META5,C,A,0.3469,-0.0631,0.0102,0.938849584,6.24E-10,,-0.0745,0.027003721,0.928207474,0.0058,,,,,,0.3531,0.7824,0.873,6.24E-10,Nalls et al. 2019
rs850738,68,17:42434630,FAM171A2,META5,G,A,0.3944,0.071,0.0105,1.073581226,1.29E-11,,-0.018,0.023310228,0.982161032,0.44,,,,,,0.4184,0.4739,0.724,1.29E-11,Nalls et al. 2019
rs666463,72,17:76425480,DNAH17,META5,T,A,0.1672,-0.076,0.0128,0.926816207,3.20E-09,,0.0544,0.060052183,1.05590688,0.365,,,,,,0.1578,0.0365,0.1705,3.20E-09,Nalls et al. 2019
rs12456492,74,18:40673380,RIT2,META5,G,A,0.3184,0.0983,0.0099,1.103293724,3.80E-23,,0.1221,0.023144758,1.129867083,1.32E-07,,,,,,0.3301,0.3798,0.308,3.80E-23,Nalls et al. 2019
rs8087969,75,18:48683589,MEX3C,META5,G,T,0.4504,0.0578,0.0102,1.059503074,1.41E-08,,-0.0574,0.026540218,0.944216307,0.03056,,,,,,0.4635,0.2757,0.1895,1.41E-08,Nalls et al. 2019
rs2042477,8,2:96000943,KCNIP3,META5,A,T,0.2422,-0.0657,0.0116,0.936411746,1.38E-08,,-0.0241,0.023499404,0.976188086,0.3051,,,,,,0.2427,0.4396,0.1173,1.38E-08,Nalls et al. 2019
rs6808178,13,3:28705690,LINC00693,META5,T,C,0.3794,0.0658,0.0096,1.068013093,8.09E-12,,0.0531,0.028261421,1.054535093,0.06026,,,,,,0.4047,0.1996,0.1028,8.09E-12,Nalls et al. 2019
rs2280104,39,8:22525980,BIN3,META5,T,C,0.3604,0.0556,0.0098,1.057174729,1.16E-08,,0.0632,0.029128525,1.065239866,0.03003,,,,,,0.3612,0.1765,0.1139,1.16E-08,Nalls et al. 2019
rs13294100,41,9:17579690,SH3GL2,META5,T,G,0.3422,-0.0859,0.01,0.917685995,8.72E-18,,-0.0658,0.02320841,0.936318109,0.00458,,,,,,0.3742,0.5362,0.7674,8.72E-18,Nalls et al. 2019
rs4771268,54,13:97865021,MBNL2,META5,T,C,0.2295,0.0675,0.0112,1.06983026,1.45E-09,,0.0027,0.023518221,1.002703648,0.9086,,,,,,0.2113,0.3792,0.1531,1.45E-09,Nalls et al. 2019
rs12147950,55,14:37989270,MIPOL1,META5,T,C,0.4376,-0.0529,0.0096,0.948474855,3.54E-08,,-0.0308,0.023352659,0.969669488,0.1872,,,,,,0.4265,0.4891,0.6269,3.54E-08,Nalls et al. 2019
rs2251086,59,15:61997385,VPS13C,META5,T,C,0.1417,-0.1186,0.0137,0.888162995,6.08E-18,,-0.128,0.031756904,0.879853379,5.56E-05,,,,,,0.1599,0.1624,0.3734,6.08E-18,Nalls et al. 2019
rs6497339,60,16:19277493,SYT17,META5,A,T,0.4536,0.063,0.0095,1.065026839,2.76E-11,,,,,,,,,,,0.4364,0.0135,0.3393,2.76E-11,Nalls et al. 2019
rs2904880,61,16:28944396,CD19,META5,C,G,0.3094,-0.065,0.0106,0.937067463,7.87E-10,,,,,,,,,,,0.3284,0.0889,0.057,7.87E-10,Nalls et al. 2019
rs6658353,2,1:161469054,FCGR2A,META5,G,C,0.4989,-0.065,0.0094,0.937067463,6.10E-12,,-0.0105,0.025181639,0.989554933,0.6767,,,,,,0.4979,0.7155,0.4617,6.10E-12,Nalls et al. 2019
rs823118,4,1:205723572,NUCKS1,META5,C,T,0.434,-0.1066,0.0094,0.898885155,1.11E-29,,,,,,,,,,,0.4409,0.4554,0.7729,1.11E-29,Nalls et al. 2019
rs12497850,14,3:48748989,IP6K2,META5,G,T,0.3524,-0.0636,0.0099,0.938380277,1.36E-10,,0.0815,0.058240208,1.084913218,0.1617,,,,,,0.3594,0.0328,0.5052,1.36E-10,Nalls et al. 2019
rs4698412,20,4:15737348,BST1,META5,G,A,0.4471,-0.1035,0.0094,0.901676023,2.06E-28,,-0.1105,0.022970882,0.89538633,1.51E-06,,,,,,0.4535,0.6403,0.8336,2.06E-28,Nalls et al. 2019
rs356182,23,4:90626111,SNCA,META5,G,A,0.3722,0.2774,0.0105,1.319694143,3.89E-154,,,,,,,,,,,0.3495,0.668,0.3101,3.89E-154,Nalls et al. 2019
rs5019538,23,4:90636630,SNCA,META5,G,A,0.3208,0.1565,0.0124,1.169410762,1.12E-36,,,,,,,,,,,0.3087,0.0006,0.2136,1.12E-36,Nalls et al. 2019
rs26431,27,5:102365794,PAM,META5,G,C,0.2975,-0.0621,0.0103,0.939788903,1.57E-09,,-0.0205,0.022992019,0.979708696,0.3726,,,,,,0.3078,0.4472,0.1405,1.57E-09,Nalls et al. 2019
rs6476434,42,9:34046391,UBAP2,META5,C,T,0.2664,0.0615,0.0106,1.063430497,6.58E-09,,0.0977,0.031040979,1.102631946,0.001647,,,,,,0.2659,0.1626,0.4481,6.58E-09,Nalls et al. 2019
rs896435,43,10:15557406,ITGA8,META5,C,T,0.3108,-0.0735,0.0101,0.929136146,3.41E-13,,-0.0065,0.022812854,0.993521079,0.7757,,,,,,0.3236,0.572,0.8483,3.41E-13,Nalls et al. 2019
rs11150601,62,16:30977799,SETD1A,META5,G,A,0.3558,-0.0907,0.0099,0.913291657,5.12E-20,,-0.092,0.041270244,0.91210515,0.0258,,,,,,0.3775,0.0831,0.7294,5.12E-20,Nalls et al. 2019
rs11658976,70,17:44866805,WNT3,META5,G,A,0.4198,0.0624,0.0113,1.064388015,3.52E-08,,-0.0001,0.026596089,0.999900005,0.997,,,,,,0.4092,0.6121,0.329,3.52E-08,Nalls et al. 2019
rs55818311,76,19:2341047,SPPL2B,META5,C,T,0.3063,0.0696,0.0111,1.072079264,4.18E-10,,,,,,,,,,,0.3277,0.6815,0.413,4.18E-10,Nalls et al. 2019